workload,variant,structure,n,time_ms,steps,moves,comparisons
W1,-,DynamicArray,100,0.4646,10000,0,0
W2,-,DynamicArray,100,0.665699,75042,0,75042
W3,head,DynamicArray,100,0.3909,1201920,1200920,0
W3,middle,DynamicArray,100,0.365601,1101920,1100920,0
W1,-,MyLinkedList,100,0.918599,501327,0,0
W2,-,MyLinkedList,100,0.544501,74542,0,75042
W3,head,MyLinkedList,100,0.0983,1000,3000,0
W3,middle,MyLinkedList,100,0.1878,101000,3000,0
W4,-,MinHeap,100,0.1065,3407,1237,1035
W1,-,DynamicArray,1000,0.033299,10000,0,0
W2,-,DynamicArray,1000,0.4981,737009,0,737009
W3,head,DynamicArray,1000,0.934801,3001024,3000024,0
W3,middle,DynamicArray,1000,0.6389,2001024,2000024,0
W1,-,MyLinkedList,1000,5.9316,5011262,0,0
W2,-,MyLinkedList,1000,1.332999,736509,0,737009
W3,head,MyLinkedList,1000,0.0207,1000,3000,0
W3,middle,MyLinkedList,1000,1.143799,1001000,3000,0
W4,-,MinHeap,1000,0.3797,54661,19209,17226
W1,-,DynamicArray,10000,0.071801,10000,0,0
W2,-,DynamicArray,10000,5.1035,7441765,0,7441765
W3,head,DynamicArray,10000,6.7885,21000000,20999000,0
W3,middle,DynamicArray,10000,3.3645,11000000,10999000,0
W1,-,MyLinkedList,10000,59.8711,50178951,0,0
W2,-,MyLinkedList,10000,13.2429,7441265,0,7441765
W3,head,MyLinkedList,10000,0.0097,1000,3000,0
W3,middle,MyLinkedList,10000,11.8756,10001000,3000,0
W4,-,MinHeap,10000,1.520499,754129,265471,239329
W1,-,DynamicArray,100000,0.032399,10000,0,0
W2,-,DynamicArray,100000,51.2054,73682044,0,73682044
W3,head,DynamicArray,100000,63.584401,201000000,200999000,0
W3,middle,DynamicArray,100000,30.934,101000000,100999000,0
W1,-,MyLinkedList,100000,634.2895,504930938,0,0
W2,-,MyLinkedList,100000,136.115599,73681544,0,73682044
W3,head,MyLinkedList,100000,0.0102,1000,3000,0
W3,middle,MyLinkedList,100000,121.8811,100001000,3000,0
W4,-,MinHeap,100000,16.8095,9505673,3287423,3059125
